Component A,Component B,Synergy Effect,Repurpose Application,Notes
Diode (Shorted),Resistor (Value Drift),Temperature coefficient + resistance drift,Distributed thermal sensing,Combine for more accurate heat maps
Diode (Open),Capacitor (Ceramic Drift),Parasitic capacitance + dielectric variation,Timing circuit element,Useful for crude RC oscillators
Resistor (Open),Inductor (Ferrite Core),Mechanical stability + magnetic field core,Hybrid spacer/EMI choke,Maintains board spacing while filtering
Capacitor (Shorted),Resistor (Shorted),Thermal + resistive load,Emergency heating element,Low efficiency but usable in survival scenarios
Transistor (Degraded Gain),Diode (Partial Degradation),Noise leakage + junction instability,Random number generator,Entropy source improved by mixing
Inductor (Cracked Core),Capacitor (Value Drift),Modified inductance + capacitance shift,Adaptive LC filter,Useful in RF tuning under degraded conditions
Multiple Failed Resistors,Multiple Failed Diodes,Distributed resistance + capacitance,Impedance network,Can create crude signal shaping circuits
Resistor (Open),Capacitor (Open),Physical spacing + parasitic capacitance,Mechanical alignment + HF bypass,Maintains PCB integrity
Resistor (Open),Inductor (Open/Loop),Antenna geometry from leads/coil,Emergency RF radiator,Use λ/4 or small loop
MOSFET (Shorted),LC Tank (Degraded),Low-ohm shunt for OOK keying,Low-power beacon,Gate/base driven by MCU or RC
Diode (Partial Degradation),MCU Timer,Noise-derived ID/backoff,Collision avoidance,Entropy from leakage/junction noise
Diode (Silicon Shorted),Diode (Silicon Shorted),Thermal network + distributed sensing,Distributed heat management,Load balancing; redundant thermal sensing; 9/10
LED (Reduced Output),Resistor (Value Drift),Optical detection + temperature reference,Optical-thermal sensing system,Greenhouse automation; building energy management
LED (Failed),LED (Failed),Wavelength diversity + spatial distribution,Distributed multi-spectral sensing array,Different spectral ranges for multi-point monitoring
LED (Reduced Output),LED (Complete Failure),Partial emitter + photodetector pair,Low-speed optical communication,Simple on-off keying optical link
Zener (Voltage Shift),Capacitor (Value Drift),Degraded regulation + shifted capacitance,Degraded power supply with sensing,Voltage regulation + environmental monitoring
Zener (Voltage Shift),Resistor (Value Drift),Adaptive voltage + temperature compensation,Temperature-compensated voltage reference,Integrated current sensing
Zener (Voltage Shift),Transistor (Degraded),Thermal monitoring + adaptive biasing,Thermal protection system,Comprehensive monitoring and control
Multiple Zeners (Shifted),Multiple Zeners (Shifted),Stacked voltage offsets,Voltage ladder / Sensor array,Multi-level references; thermal distribution
Diode (Silicon Shorted),Capacitor (Value Drift),Current path + shifted filtering,Adaptive power conditioning,Diode provides path; capacitor filters
MOSFET (Drain-Source Short),Resistor (Open Leads),Low-ohm switch + antenna geometry,Emergency OOK RF beacon,MCU-driven beacon with improvised antenna
Capacitor (Electrolytic ESR),Resistor (Wire-Wound Hot Spot),Dual resistive heating elements,Distributed emergency heater,Combined thermal output for survival scenarios
Transistor (BJT Noise),MOSFET (Parameter Drift),Dual-source noise mixing,High-quality entropy source,XOR mixing improves randomness distribution
Sensor (Temperature Drift),Diode (LED Reduced),Temperature trend + optical threshold,Environmental alarm system,Combined temp trend + visible/IR alert
Sensor (Pressure Damaged),Sensor (Optical Reduced),Vibration + light threshold,Dual-mode intrusion detector,Mechanical + optical breach detection
IC (MCU Peripheral Failure),Transistor (BJT Noise),Remaining GPIO + noise input,Hardware random number generator,MCU samples transistor noise via working ADC
IC (Comm TX Burnout),IC (Comm Frequency Drift),Receiver-only + shifted oscillator,Frequency-scanning receiver,Drift provides crude frequency sweep
Storage (Flash Stuck Bits),IC (MCU Flash Worn),Complementary fixed data,Distributed firmware fragments,Combine partial ROMs for complete firmware image
Inductor (Transformer Open),Capacitor (Film Drift),Single winding + shifted capacitance,Adaptive bandpass filter,Tunable LC with degraded but functional components
Sensor (Magnetic Drift),Inductor (Air Core Deformed),Relative field detection + altered coil,Proximity sensing system,Coil generates field; sensor detects perturbation
Sensor (Chemical Drift),Sensor (Temperature Drift),Relative chemical + thermal trends,Environmental trend correlator,Cross-correlate drift patterns for environmental mapping
Relay (Welded Contacts),Motor (Brush Wear),Fixed switch + degraded generator,Emergency power switching,Relay as permanent connection; motor generates voltage
Motor (Winding Open),Capacitor (Film Drift),Remaining inductance + shifted capacitance,Adaptive LC filter,Usable at low frequencies for signal filtering
Solenoid (Stuck Plunger),Relay (Open Coil),Static electromagnet + manual switch,Manual-triggered magnetic latch,Solenoid holds; relay provides manual switching
Connector (Corroded),Resistor (Thermistor Drift),Humidity proxy + temperature trend,Dual environmental sensor,Cross-correlate humidity and temperature drift
Voltage Regulator (Dropout ↑),Diode (Zener Shifted),Temperature-dependent dropout + shifted reference,Adaptive thermal alarm,Dropout triggers alarm via shifted Zener threshold
Power Diode (Shorted),Motor (Bearing Failure),High-current path + low-speed generation,Emergency charging circuit,Diode carries motor-generated current to load
Power Transformer (Open Winding),Capacitor (Electrolytic ESR),Single inductor + resistive heating,Heated LC element,Thermal stabilization of resonant circuit
Switch (Stuck Closed),Relay (Welded),Dual permanent connections,Redundant fixed path,Two independent permanent connections for reliability
Motor (Demagnetized),Sensor (Magnetic Drift),Weak field source + relative detector,Short-range proximity sensor,Motor magnet actuates drifted sensor at close range
BJT_NPN,electrolytic_cap,Vbe drift + ESR jitter,distributed_thermal_array,pair leakage signal with ESR drift for heat map
BJT_NPN_2N2222,silicon_diode,Vbe + leakage current,redundant_temperature_array,two independent thermal sensors
silicon_diode,electrolytic_cap,leakage + ESR jitter,noise_channel_source,entropy for random backoff
zener_diode,BJT_NPN,reference + sensor,temperature_compensated_reference,Vref tracks junction temp
zener_diode,electrolytic_cap_220uF_25V,Vref drift + ESR drift,calibration_loop_signal,age-tracking voltage anchor
power_MOSFET,electrolytic_cap,Rds_on heater + ESR filter,thermal_fallback_unit,heater regulated by smoothed gate drive
power_MOSFET,zener_diode,gate clamp + thermal output,protected_heater,zener clamps gate during heater duty
connector,relay,corroded contact + dead coil,magnetic_coupling_repeater,coil as inductor across corroded gap
relay,signal_trace,coil + trace,magnetic_loop_emergency_TX,low-data-rate magnetic_fallback channel
PCB_assembly,SAC305_solder,vibration energy + joint resistance,mechanical_vibration_sensor,joint R modulates with vibration
PCB_assembly,solder_joints,structural + electrical fatigue,mechanical_fallback_unit,detect strain via resistance change
SAC305_solder,solder_joints,joint fatigue x2,early_warning_telemetry,redundant fatigue signal
signal_trace,ceramic_cap,degraded trace + bypass cap,filtered_backup_channel,cap smooths noisy rerouted signal
signal_trace,zener_diode,trace drift + Vref,trace_clamping_reference,zener clamps overshoot on degraded line
logic_CMOS,analog_opamp,undervoltage x2,low_power_degraded_mode,both share brownout budget; drop together
analog_opamp,sensor_I2C,headroom + bus,reduced_precision_sensor_chain,opamp buffers degraded sensor output
sensor_I2C,electrolytic_cap,bus errors + ESR,bus_pullup_with_filter,parallel cap stabilizes I2C SCL/SDA
electrolytic_cap,ceramic_cap,ESR drift + bypass,bandwidth_compensation_pair,ceramic in parallel restores HF response
BJT_NPN,signal_trace,Vbe + trace drift,distributed_calibration_target,trace drift used to calibrate Vbe sensor
electrolytic_cap_220uF_25V,power_MOSFET,ESR + Rds_on,thermal_state_estimator,joint thermal signature across rail
electrolytic_cap,inductor,C drift + L drift,lc_tank_rf_beacon,degraded LC tank still resonant for OOK keying
LED,resistor,Vf drift + R drift,optical_fallback_sensor,LED forward voltage modulated by failed resistor characterizes ambient light
BJT_NPN,silicon_diode,Vbe + Vf,redundant_thermal_array,two junctions yield independent temp readings
inductor,signal_trace,L + trace,magnetic_loop_signaling,degraded inductor as transmit loop on impaired trace
LED,silicon_diode,Vf + Vf,paired_optical_thermal,two junctions on shared rail give combined optical and thermal data
